-- ["fuhuojie"]="Easter Surprise",
replace into `s_sess` (gameid, title, basecoin, mincoin, leftcoin, hot, status, ord, free,level, param1, param2, param3,  param4,  revenue, seat )values (129, "复活节", 1, 0, 1, 1, 1, 100, 0, 0, 0, 0, 0, 0, 0, 1);
replace into `s_game` (id, title) values(129, "复活节");
replace into `s_game_type` (gametype, gameid, title, state, hot)  VALUES (2, 129, "复活节", 1, 100);
update s_game set title = 'fuhuojie' where id = 129;

-- ["lalisai"]="拉力赛",
replace into `s_sess` (gameid, title, basecoin, mincoin, leftcoin, hot, status, ord, free,level, param1, param2, param3,  param4,  revenue, seat )values (130, "拉力赛", 1, 0, 1, 1, 1, 100, 0, 0, 0, 0, 0, 0, 0, 1);
replace into `s_game` (id, title) values(130, "拉力赛");
replace into `s_game_type` (gametype, gameid, title, state, hot)  VALUES (2, 130, "拉力赛", 1, 100);
update s_game set title = 'lalisai' where id = 130;

-- ["bainian"] = "wealth",
replace into `s_sess` (gameid, title, basecoin, mincoin, leftcoin, hot, status, ord, free,level, param1, param2, param3,  param4,  revenue, seat )values (131, "拜年", 1, 0, 1, 1, 1, 100, 0, 0, 0, 0, 0, 0, 0, 1);
replace into `s_game` (id, title) values(131, "拜年");
replace into `s_game_type` (gametype, gameid, title, state, hot)  VALUES (2, 131, "拜年", 1, 100);
update s_game set title = 'bainian' where id = 131;

-- ["wufumen"] = "fiveFortune",
replace into `s_sess` (gameid, title, basecoin, mincoin, leftcoin, hot, status, ord, free,level, param1, param2, param3,  param4,  revenue, seat )values (132, "五福门", 1, 0, 1, 1, 1, 100, 0, 0, 0, 0, 0, 0, 0, 1);
replace into `s_game` (id, title) values(132, "五福门");
replace into `s_game_type` (gametype, gameid, title, state, hot)  VALUES (2, 132, "五福门", 1, 100);
update s_game set title = 'wufumen' where id = 132;

-- ["honglvdeng"] = "红绿灯",
replace into `s_sess` (gameid, title, basecoin, mincoin, leftcoin, hot, status, ord, free,level, param1, param2, param3,  param4,  revenue, seat )values (133, "红绿灯", 1, 0, 1, 1, 1, 100, 0, 0, 0, 0, 0, 0, 0, 1);
replace into `s_game` (id, title) values(133, "红绿灯");
replace into `s_game_type` (gametype, gameid, title, state, hot)  VALUES (2, 133, "红绿灯", 1, 100);
update s_game set title = 'honglvdeng' where id = 133;

-- ["jinlongcifu"] = "金龙赐福",
replace into `s_sess` (gameid, title, basecoin, mincoin, leftcoin, hot, status, ord, free,level, param1, param2, param3,  param4,  revenue, seat )values (134, "金龙赐福", 1, 0, 1, 1, 1, 100, 0, 0, 0, 0, 0, 0, 0, 1);
replace into `s_game` (id, title) values(134, "金龙赐福");
replace into `s_game_type` (gametype, gameid, title, state, hot)  VALUES (2, 134, "金龙赐福", 1, 100);
update s_game set title = 'jinlongcifu' where id = 134;

replace into `s_sess` (gameid, title, basecoin, mincoin, leftcoin, hot, status, ord, free,level, param1, param2, param3,  param4,  revenue, seat )values (135, "蒸汽塔", 1, 0, 1, 1, 1, 100, 0, 0, 0, 0, 0, 0, 0, 1);
replace into `s_game` (id, title) values(135, "蒸汽塔");
replace into `s_game_type` (gametype, gameid, title, state, hot)  VALUES (2, 135, "蒸汽塔", 1, 100);
update s_game set title = 'zhengqita' where id = 135;


-- ["shengli"] = "胜利",
replace into `s_sess` (gameid, title, basecoin, mincoin, leftcoin, hot, status, ord, free,level, param1, param2, param3,  param4,  revenue, seat )values (136, "胜利", 1, 0, 1, 1, 1, 100, 0, 0, 0, 0, 0, 0, 0, 1);
replace into `s_game` (id, title) values(136, "胜利");
replace into `s_game_type` (gametype, gameid, title, state, hot)  VALUES (2, 136, "胜利", 1, 100);
update s_game set title = 'shengli' where id = 136;

-- ["huayuan"] = "花园",
replace into `s_sess` (gameid, title, basecoin, mincoin, leftcoin, hot, status, ord, free,level, param1, param2, param3,  param4,  revenue, seat )values (137, "花园", 1, 0, 1, 1, 1, 100, 0, 0, 0, 0, 0, 0, 0, 1);
replace into `s_game` (id, title) values(137, "花园");
replace into `s_game_type` (gametype, gameid, title, state, hot)  VALUES (2, 137, "花园", 1, 100);
update s_game set title = 'huayuan' where id = 137;
    
-- ["aladin"] = "阿拉丁",
replace into `s_sess` (gameid, title, basecoin, mincoin, leftcoin, hot, status, ord, free,level, param1, param2, param3,  param4,  revenue, seat )values (138, "阿拉丁", 1, 0, 1, 1, 1, 100, 0, 0, 0, 0, 0, 0, 0, 1);
replace into `s_game` (id, title) values(138, "阿拉丁");
replace into `s_game_type` (gametype, gameid, title, state, hot)  VALUES (2, 138, "阿拉丁", 1, 100);
update s_game set title = 'aladin' where id = 138;

-- ["chuangzhang"] = "船长",
replace into `s_sess` (gameid, title, basecoin, mincoin, leftcoin, hot, status, ord, free,level, param1, param2, param3,  param4,  revenue, seat )values (139, "船长", 1, 0, 1, 1, 1, 100, 0, 0, 0, 0, 0, 0, 0, 1);
replace into `s_game` (id, title) values(139, "船长");
replace into `s_game_type` (gametype, gameid, title, state, hot)  VALUES (2, 139, "船长", 1, 100);
update s_game set title = 'chuangzhang' where id = 139;

-- ["yongganchuanshuo"] = "勇敢传说",
replace into `s_sess` (gameid, title, basecoin, mincoin, leftcoin, hot, status, ord, free,level, param1, param2, param3,  param4,  revenue, seat )values (140, "勇敢传说", 1, 0, 1, 1, 1, 100, 0, 0, 0, 0, 0, 0, 0, 1);
replace into `s_game` (id, title) values(140, "勇敢传说");
replace into `s_game_type` (gametype, gameid, title, state, hot)  VALUES (2, 140, "勇敢传说", 1, 100);
update s_game set title = 'yongganchuanshuo' where id = 140;

-- ["wanshengjie"] = "万圣节",
replace into `s_sess` (gameid, title, basecoin, mincoin, leftcoin, hot, status, ord, free,level, param1, param2, param3,  param4,  revenue, seat )values (141, "万圣节", 1, 0, 1, 1, 1, 100, 0, 0, 0, 0, 0, 0, 0, 1);
replace into `s_game` (id, title) values(141, "万圣节");
replace into `s_game_type` (gametype, gameid, title, state, hot)  VALUES (2, 141, "万圣节", 1, 100);
update s_game set title = 'wanshengjie' where id = 141;

-- ["wanshengjiejingxi"] = "万圣节惊喜",
replace into `s_sess` (gameid, title, basecoin, mincoin, leftcoin, hot, status, ord, free,level, param1, param2, param3,  param4,  revenue, seat )values (142, "万圣节惊喜", 1, 0, 1, 1, 1, 100, 0, 0, 0, 0, 0, 0, 0, 1);
replace into `s_game` (id, title) values(142, "万圣节惊喜");
replace into `s_game_type` (gametype, gameid, title, state, hot)  VALUES (2, 142, "万圣节惊喜", 1, 100);
update s_game set title = 'wanshengjiejingxi' where id = 142;



    
    
    
    
    

